id,displayBadges,highlight,reason_cooling,reason_pressureRelief,reason_motionIsolation,reason_support,reason_plush,reason_medium,reason_firm,reason_durability,reason_default,topPickReason,differentiator1Title,differentiator1Detail,differentiator2Title,differentiator2Detail
g1,Fibras Naturales de Lujo|Firme|Euro-Top,Lujo firme artesanal en lana Merino y cachemira,,,,,,,,,"Lana Merino, cachemira y látex de grafito sobre múltiples capas de resortes — soporte firme que respira y dura.",Lujo artesanal de fibras naturales con soporte firme de doble resorte que respira.,Capas de confort de fibras naturales,"La lana Merino, el pelo de camello y la cachemira respiran y regulan el calor como las espumas sintéticas no pueden.",Doble resorte con látex de grafito,Elevación receptiva y estabilidad en lugar del hundimiento lento de la espuma viscoelástica.
g2,Fibras Naturales de Lujo|Suave|Euro-Top,,,,,,,,,,Un euro-top suave y profundo de lana y cachemira sobre capas de resortes — suavidad indulgente que nunca pierde su soporte.,,Euro-top suave y profundo,,Relleno natural transpirable,La lana y la cachemira mantienen las capas suaves más frescas que los pillow-tops de espuma densa.
g3,"4,294 Resortes|Firme|Copetudo a Mano","4,294 resortes de soporte firme copetudo a mano",,,,,,,,,"4,294 resortes, lana Merino y construcción copetuda a mano — alineación firme diseñada para durar décadas.","Enorme cantidad de 4,294 resortes con artesanía copetuda a mano para una alineación firme y duradera.","Sistema de 4,294 resortes",Varias veces los resortes de una cama estándar — soporte firme más fino y contorneado.,Construcción copetuda a mano,
g4,Frescura|Suave|Espuma Viscoelástica,,,,,,,,,,El colchón más fresco de Tempur-Pedic — el material Pure Cool Plus disipa el calor mientras el TEMPUR suave abraza cada curva.,,,,Contorno TEMPUR suave,Se acomoda lentamente alrededor de los puntos de presión en lugar de empujar como los resortes.
g5,Frescura|Híbrido|Medio,,,,,,,,,,Funda Breeze fresca al tacto y material Pure Cool sobre una base híbrida de resortes — frescura más el verdadero alivio de presión TEMPUR.,,Funda Breeze fresca al tacto,Notablemente más fresco al contacto que los modelos TEMPUR estándar.,Base híbrida de resortes,Agrega ventilación y un toque de respuesta bajo la espuma viscoelástica.
g6,Suave,,,,,,,,,,,,,,,
g7,Medio,,,,,,,,,,,,,,,
g8,Extra Firme,,,,,,,,,,,,,,,
g9,Cushion Firm,,,,,,,,,,,,,,,
s1,Marvelous Middle|Firme|Box Top,Box top de lujo de 16 pulgadas con soporte firme zonificado,,,,,,,,,El patentado Marvelous Middle brinda 25% más soporte en el tercio central — donde tu cuerpo más lo necesita.,Confort box-top de lujo con soporte firme zonificado en el centro.,Zonificación Marvelous Middle,"25% más soporte bajo caderas y espalda baja, donde la mayoría de las camas se hunden primero.",Construcción box-top de lujo,Un perfil de 16 pulgadas con capas superficiales suaves sobre un núcleo firme.
s2,Marvelous Middle|Extra Firme|Híbrido,Máximo soporte con capas de confort de lujo Paige,,,,,,,,,Soporte híbrido extra firme con zonificación Marvelous Middle — máxima elevación sin renunciar a las capas de lujo.,El Platinum más firme — soporte extra firme zonificado en construcción de lujo.,Núcleo de soporte extra firme,Notablemente más firme que el Paige Firme — para quienes no quieren hundirse nada.,Tercio central zonificado,
s3,Box Top Suave,,,,,,,,,,,,,,,
s4,Box Top Firme|Resortes Zonificados|Soporte de Borde,Confort box-top firme con soporte de resortes zonificados,,,,,,,,,,Soporte firme zonificado en construcción box-top con confort de borde a borde.,Firme con acabado superior,Alineación firme sin la sensación dura y desnuda de un firme tight-top.,Encasado de borde de 3 pulgadas,Rieles de espuma de alta densidad mantienen la superficie útil hasta el borde.
s5,Gel Fresco|Firme|Híbrido,Espuma viscoelástica con gel fresco sobre soporte híbrido firme,,,,,,,,,Una capa completa de espuma con gel fresco sobre un núcleo híbrido firme — alivio de presión con efecto refrescante y alineación sólida.,Soporte híbrido firme coronado con espuma viscoelástica de gel fresco.,Capa de espuma con gel fresco,Agrega confort refrescante que un firme de resortes común no tiene.,Núcleo híbrido firme,
s6,Medio|Híbrido,,,,,,,,,,,,Medio que agrada a todos,La sensación en la que la mayoría de las parejas están de acuerdo — equilibrio entre suavidad y soporte.,,
s7,Suave|Híbrido,,,,,,,,,,,,,,Suavidad con soporte,
s8,Marvelous Middle|Firme|Euro Top,,,,,,,,,,,Soporte firme zonificado con acabado euro-top — firme sin sentirse desnudo.,Euro-top sobre resortes firmes,Una capa de cojín cosida por debajo suaviza la sensación de un firme verdadero.,Resortes centrales más gruesos,La zonificación distintiva de Restonic mantiene las caderas niveladas donde las camas fallan primero.
s9,Híbrido|Medio|Aislamiento de Movimiento,Medio de lujo que se adapta y permanece quieto toda la noche,,,,,,,,,Capas de espuma adaptable sobre resortes envueltos — confort medio equilibrado que absorbe el movimiento de la pareja.,,Aislamiento de movimiento con resortes envueltos,,Capas de confort adaptables,Las capas de espuma se contornean sin el hundimiento profundo de las camas viscoelásticas.
s10,Marvelous Middle|Extra Firme|Tight Top,Soporte extra firme zonificado a un precio accesible,,,,,,,,,,,Tight top extra firme,Una superficie plana y de soporte sin suavidad — para quienes quieren algo sólido.,Soporte central zonificado,Resortes centrales más gruesos protegen la firmeza de las marcas corporales tempranas.
b1,Suave|12.5 Pulgadas|Valor,Suavidad acogedora a un precio cotidiano,,,,,,,,,Una construcción suave de 12.5 pulgadas que acolcha hombros y caderas — suavidad fácil a un precio razonable.,,Superficie verdaderamente suave,Más suave que el Gracie — hecho para quienes buscan acolchado primero.,Valor cotidiano,Calidad Restonic sin el precio Platinum.
b2,Firme|12.5 Pulgadas|Valor,Soporte firme directo a un precio cotidiano,,,,,,,,,Un firme de 12.5 pulgadas sin rodeos que mantiene tu columna alineada — soporte confiable noche tras noche.,Alineación firme confiable a precio cotidiano.,Sensación firme directa,Soporte sólido sin capas suaves que ablanden la superficie.,Valor cotidiano,El camino accesible a un colchón firme verdadero.
b3,Híbrido|Euro Top|Hecho en EE. UU.,"Híbrido euro-top de empresa familiar, diseñado en EE. UU.",,,,,,,,,Treinta años de experiencia familiar de Kingdom Mattress en un híbrido euro-top diseñado completamente en EE. UU.,Un híbrido euro-top de empresa familiar hecho para aguantar años de vida real.,Capa de confort euro-top,Una superficie acolchada que el Genesis Firme no tiene.,Ingeniería para durar,Diseñado por una empresa familiar de 30 años con la durabilidad primero.
b4,Híbrido|Firme|Hecho en EE. UU.,Híbrido firme de empresa familiar al mejor valor,,,,,,,,,Un híbrido firme diseñado completamente en EE. UU. por una empresa familiar de 30 años — soporte sólido al mejor valor de la tienda.,"Soporte híbrido firme, de empresa familiar y a un precio razonable.",Núcleo híbrido firme,Soporte de resortes con superficie firme — más receptivo que las camas de espuma de valor.,Firme del mejor valor,El híbrido firme verdadero más accesible de la línea.
b5,Marvelous Middle|Suave|Para Dormir de Lado,,,,,,,,,,,,,,Encasado de borde de 3 pulgadas,Rieles de espuma de alta densidad dan más superficie útil que las camas suaves de valor.
b6,Marvelous Middle|Extra Firme|Híbrido,Soporte híbrido extra firme a precio de valor,,,,,,,,,,El camino de valor al verdadero soporte extra firme zonificado.,Extra firme de valor,La sensación más firme del nivel bronce — sin nada de suavidad.,Núcleo híbrido zonificado,Refuerzo del tercio central que la mayoría de las camas firmes de valor omiten.
b7,Resortes|Medio|Mejor Valor,Confort medio equilibrado al precio más amigable,,,,,,,,,Un colchón de resortes medio equilibrado con los resortes centrales más gruesos de Restonic — calidad real al precio más amigable de la tienda.,Confort equilibrado fácil con soporte zonificado — la elección inteligente para empezar.,Sensación de resortes receptiva,Rebote clásico de resortes fácil para moverse — sin sensación de quedar atrapado en espuma.,El precio más amigable,La forma más accesible de entrar a una construcción Restonic zonificada.
