tier,id,name,brand,subBrand,pitchKey,archetype,displayPriority,firmnessScore,firmnessLabel,price,quizTags,displayBadges,highlight,locally-made,features,reason_cooling,reason_pressureRelief,reason_motionIsolation,reason_support,reason_plush,reason_medium,reason_firm,reason_durability,reason_default,topPickReason,differentiator1Title,differentiator1Detail,differentiator2Title,differentiator2Detail
gold,g1,The Roma,Chattam & Wells,Roma,,Natural-fiber luxury firm,1,7,Firm,,,Luxury Natural Fibers|Firm|Euro-Top,Handcrafted firm luxury in Merino wool and cashmere,yes,support|firm|durability|hybrid|responsive|zoned,,,,,,,,,"Merino wool, cashmere, and graphite latex over multiple coil layers — firm support that breathes and lasts.","Handcrafted natural-fiber luxury with firm, breathable coil-on-coil support.",Natural fiber comfort layers,"Merino wool, camel hair, and cashmere breathe and temper heat in a way synthetic foams can't.",Coil-on-coil with graphite latex,Responsive lift and stability instead of the slow sink of memory foam.
gold,g2,The Saint Pierre,Chattam & Wells,Saint Pierre,,Plush natural-fiber luxury,1,3,Plush,,,Luxury Natural Fibers|Plush|Euro-Top,,yes,plush|soft|pressureRelief|durability|hybrid,,,,,,,,,A deep plush euro-top of wool and cashmere over layered coils — indulgent softness that never loses its support.,,Deep plush euro-top,,Breathable natural fill,Wool and cashmere keep the plush layers cooler than dense foam pillow-tops.
gold,g3,The Palermo,Chattam & Wells,Palermo,,Hand-tufted firm pillowtop,1,7,Firm,,,"4,294 Coils|Firm|Hand-Tufted","4,294 coils of hand-tufted firm support",yes,support|firm|durability|zoned|hybrid,,,,,,,,,"4,294 coils, Merino wool, and a hand-tufted build — firm alignment engineered to hold for decades.","Massive 4,294-coil count with hand-tufted craftsmanship for firm, lasting alignment.","4,294-coil support system","Several times the coil count of a standard bed — finer, more contoured firm support.",Hand-tufted construction,
gold,g4,Tempur-LuxeBreeze 2.0 Soft,Tempur-Pedic,LuxeBreeze,,Maximum-cooling soft memory foam,1,2,Soft,,,Cooling|Soft|Memory Foam,,no,cooling|soft|plush|pressureRelief|motionIsolation,,,,,,,,,Tempur-Pedic's coolest mattress — Pure Cool Plus material pulls heat away while soft TEMPUR cradles every curve.,,,,Soft TEMPUR contour,Slowly settles around pressure points instead of pushing back like coils.
gold,g5,Tempur-ProBreeze 2.0 Medium Hybrid,Tempur-Pedic,ProBreeze,,Cooling adaptive hybrid,1,5,Medium,,,Cooling|Hybrid|Medium,,no,cooling|medium|hybrid|pressureRelief|support,,,,,,,,,Cool-to-the-touch Breeze cover and Pure Cool material over a hybrid coil base — cooling plus true TEMPUR pressure relief.,,Cool-to-touch Breeze cover,Noticeably cooler on contact than standard TEMPUR models.,Hybrid coil base,Adds airflow and a touch of responsiveness under the memory foam.
gold,g6,Reserve Mayfair Plush,Restonic,Reserve,,,1,3,Plush,,,Plush,,yes,plush|soft|pressureRelief|hybrid|durability,,,,,,,,,,,,,,
gold,g7,Reserve Mayfair Medium,Restonic,Reserve,,,1,5,Medium,,,Medium,,yes,medium|support|hybrid|durability|pressureRelief,,,,,,,,,,,,,,
gold,g8,Royal Reserve Extra Firm,Restonic,Royal Reserve,,,1,8,Extra Firm,,,Extra Firm,,yes,firm|support|durability|hybrid,,,,,,,,,,,,,,
gold,g9,Copper Cushion Firm,Spring Air,Copper,,,1,6,Cushion Firm,,,Cushion Firm,,no,cooling|medium|support|hybrid|responsive,,,,,,,,,,,,,,
silver,s1,Platinum Paige Firm,Restonic,Platinum,,Luxury firm box-top hybrid,1,7,Firm,,,Marvelous Middle|Firm|Box Top,Luxury 16-inch box top with firm zoned support,yes,firm|support|zoned|hybrid|durability,,,,,,,,,Patented Marvelous Middle delivers 25% more support in the center third — where your body needs it most.,"Luxury box-top comfort with firm, zoned center-third support.",Marvelous Middle zoning,"25% more support under hips and lower back, where most beds sag first.",Luxury box-top build,A tailored 16-inch profile with plush surface layers over a firm core.
silver,s2,Platinum Paige Extra Firm,Restonic,Platinum,,Luxury extra-firm hybrid,1,8,Extra Firm,,,Marvelous Middle|Extra Firm|Hybrid,Maximum support with luxury Paige comfort layers,yes,firm|support|zoned|hybrid,,,,,,,,,Extra-firm hybrid support with Marvelous Middle zoning — maximum lift without giving up the luxury layers.,The firmest Platinum — extra-firm zoned support in a luxury build.,Extra-firm support core,Noticeably firmer than the Paige Firm — for sleepers who want no sink at all.,Zoned center third,
silver,s3,Platinum Maria Plush,Restonic,Platinum,,,1,3,Plush,,,Plush Box Top,,yes,plush|soft|pressureRelief|zoned|hybrid|motionIsolation,,,,,,,,,,,,,,
silver,s4,Platinum Maria Firm,Restonic,Platinum,,Firm box-top zoned hybrid,1,7,Firm,,,Firm Box Top|Zoned Coils|Edge Support,Firm box-top comfort with zoned coil support,yes,firm|support|zoned|hybrid|durability,,,,,,,,,,Firm zoned support in a box-top build with lasting edge-to-edge comfort.,Firm with a finished top,"Firm alignment without the bare, hard feel of a tight-top firm.",3-inch edge encasement,High-density foam rails keep the sleeping surface usable to the very edge.
silver,s5,Platinum Summit Firm,Restonic,Platinum,,Cool-gel firm hybrid,1,7,Firm,,,Cool Gel|Firm|Hybrid,Cool gel memory foam over firm hybrid support,yes,firm|cooling|support|hybrid|pressureRelief,,,,,,,,,A full layer of cool-gel memory foam over a firm hybrid core — pressure relief with a cooling effect and solid alignment.,Firm hybrid support topped with cooling gel memory foam.,Cool-gel memory foam layer,Adds cooling comfort a plain firm innerspring doesn't have.,Firm hybrid core,
silver,s6,Platinum Summit Medium,Restonic,Platinum,,,1,5,Medium,,,Medium|Hybrid,,yes,medium|cooling|pressureRelief|hybrid|support,,,,,,,,,,,Crowd-pleasing medium,The feel most couples agree on — balanced give and support.,,
silver,s7,Platinum Summit Plush,Restonic,Platinum,,,1,3,Plush,,,Plush|Hybrid,,yes,plush|soft|cooling|pressureRelief|hybrid,,,,,,,,,,,,,Supported softness,
silver,s8,Kendall Firm Euro Top,Restonic,ComfortCare,,Zoned firm euro-top hybrid,1,7,Firm,,,Marvelous Middle|Firm|Euro Top,,yes,firm|support|zoned|hybrid,,,,,,,,,,Zoned firm support with a euro-top finish — firm without feeling bare.,Euro-top over firm coils,A sewn-under cushion layer takes the edge off a true firm feel.,Thicker center-third coils,Restonic's signature zoning holds hips level where beds break down first.
silver,s9,Kendall Luxury Medium,Restonic,ComfortCare,,Motion-isolating medium hybrid,1,5,Medium,,,Hybrid|Medium|Motion Isolation,Conforming luxury medium that stays still all night,yes,medium|motionIsolation|pressureRelief|hybrid|support,,,,,,,,,Layers of conforming foam over wrapped coils — balanced medium comfort that absorbs a partner's movement.,,Wrapped-coil motion isolation,,Conforming comfort layers,Foam layers contour without the deep sink of memory-foam beds.
silver,s10,Kendall Extra Firm,Restonic,ComfortCare,,Zoned extra-firm hybrid,1,8,Extra Firm,,,Marvelous Middle|Extra Firm|Tight Top,Extra-firm zoned support at a working price,yes,firm|support|zoned|hybrid|durability,,,,,,,,,,,Extra-firm tight top,"A flat, supportive surface with no plush give — for sleepers who want solid.",Zoned center support,Thicker center coils protect the firm feel from early body impressions.
bronze,b1,Giselle Plush,Restonic,Giselle,,Everyday plush comfort,1,3,Plush,,,Plush|12.5-Inch|Value,"Soft, welcoming plush at an everyday price",yes,plush|soft|pressureRelief,,,,,,,,,A 12.5-inch plush build that cushions shoulders and hips — easy softness at a price that makes sense.,,True plush surface,Softer than the Gracie — made for sleepers who want cushion first.,Everyday value,Restonic quality without the Platinum price.
bronze,b2,Giselle Firm,Restonic,Giselle,,Everyday firm support,1,7,Firm,,,Firm|12.5-Inch|Value,Straightforward firm support at an everyday price,yes,firm|support|durability,,,,,,,,,A no-nonsense 12.5-inch firm that keeps your spine aligned — dependable support night after night.,Dependable firm alignment at an everyday price.,Straightforward firm feel,Solid support without plush layers softening the surface.,Everyday value,The affordable path to a true firm mattress.
bronze,b3,Genesis Euro Top,Genesis,Kingdom Mattress,,USA-engineered family hybrid,2,5,Medium,,,Hybrid|Euro Top|Made in USA,"Family-built euro-top hybrid, engineered in the USA",no,medium|hybrid|support|durability|pressureRelief,,,,,,,,,Thirty years of Kingdom Mattress family know-how in a euro-top hybrid engineered entirely in the USA.,A family-company euro-top hybrid built to take years of real life.,Euro-top comfort layer,A cushioned top the plain Genesis Firm doesn't have.,Built-to-last engineering,Designed by a 30-year family company for durability first.
bronze,b4,Genesis Firm,Genesis,Kingdom Mattress,,USA-engineered firm value,2,7,Firm,,,Hybrid|Firm|Made in USA,Firm family-built hybrid at the best value,no,firm|hybrid|support|durability,,,,,,,,,A firm hybrid engineered entirely in the USA by a 30-year family company — solid support at the best value in the store.,"Firm hybrid support, family-built and priced to make sense.",Firm hybrid core,Coil support with a firm surface — more responsive than foam value beds.,Best-value firm,The most affordable true firm hybrid in the lineup.
bronze,b5,Angelina Plush,Restonic,ComfortCare,,Zoned plush for side sleepers,1,3,Plush,,,Marvelous Middle|Plush|Side Sleeper,,yes,plush|soft|pressureRelief|zoned,,,,,,,,,,,,,3-inch edge encasement,High-density foam rails give a bigger usable sleep surface than value plush beds.
bronze,b6,Angelina Extra Firm,Restonic,ComfortCare,,Zoned extra-firm value hybrid,1,8,Extra Firm,,,Marvelous Middle|Extra Firm|Hybrid,Extra-firm hybrid support at a value price,yes,firm|support|zoned|hybrid,,,,,,,,,,The value path to real extra-firm zoned support.,Value extra-firm,The firmest feel in the bronze tier — no plush give at all.,Zoned hybrid core,Center-third reinforcement most value firm beds skip.
bronze,b7,Gracie Medium,Restonic,Grace,,Everyday balanced innerspring,1,5,Medium,,,Innerspring|Medium|Best Value,Balanced medium comfort at the friendliest price,yes,medium|support|zoned|responsive,,,,,,,,,A balanced medium innerspring with Restonic's thicker center coils — real quality at the friendliest price in the store.,Easy balanced comfort with zoned support — the smart starter pick.,Responsive innerspring feel,Classic coil bounce that's easy to move on — no stuck-in-foam feeling.,Friendliest price,The most affordable way into a zoned Restonic build.
